group,taxonomy,mean,se,sign1,sign2
t2,Acidobacteria,0.079008181,0.014288334,a,
t2,Actinobacteria,0.093577348,0.010600036,,
t2,Alphaproteobacteria,0.23973385,0.013647304,c,
t2,Bacteroidetes,0.066324904,0.007760726,a,
t2,Betaproteobacteria,0.084997875,0.006444345,a,
t2,Gammaproteobacteria,0.254568636,0.034769642,a,
t3,Acidobacteria,0.078835529,0.004770283,b,*
t3,Actinobacteria,0.093178921,0.008494094,,
t3,Alphaproteobacteria,0.339420421,0.013431571,b,***
t3,Bacteroidetes,0.055062686,0.005445991,b,*
t3,Betaproteobacteria,0.08187686,0.007749918,a,**
t3,Gammaproteobacteria,0.189452295,0.030399285,b,***
t4,Acidobacteria,0.085037718,0.008841996,a,
t4,Actinobacteria,0.09316564,0.007928009,,
t4,Alphaproteobacteria,0.413182639,0.011119474,a,
t4,Bacteroidetes,0.064505419,0.002599141,ab,
t4,Betaproteobacteria,0.062300786,0.002871694,b,
t4,Gammaproteobacteria,0.125650765,0.018545672,c,
