plant,stem_length,root_length
Control,5.9,7.1
Control,7.3,6.7
Control,7,3.3
Control,5.9,6.5
Control,6.8,7.9
Control,6.6,9.1
Control,6.4,9.6
Control,4.5,10.7
Control,6,10.1
Control,4.8,10.6
Control,7.3,9.6
Control,8.3,7.9
Control,4.6,9
Control,6.3,7.1
Control,7.1,9.8
Control,5.4,7.7
Control,7.9,9.7
Control,7.4,5.2
Control,7,9.9
Control,7.2,9.1
Control,5.3,8.6
Control,7,8.9
Control,7.1,8.5
Control,6,10.1
Control,4.8,10.6
Control,7.3,9.6
Control,8.3,7.9
Control,4.6,9
Control,6.3,7.1
Control,7.1,9.8
Control,5.4,7.7
Control,7.9,9.7
Control,7.4,5.2
Control,7,9.9
Treat,8.4,11.8
Treat,7.8,10.7
Treat,7.3,15.2
Treat,6.8,10
Treat,7.9,9.1
Treat,7.8,10.8
Treat,8.7,14.3
Treat,8.2,13.3
Treat,6.5,9.9
Treat,7.4,7.2
Treat,6.9,16.1
Treat,7.4,9.4
Treat,8,17.5
Treat,8.6,12
Treat,8.3,11.9
Treat,6.6,7.5
Treat,7.8,10.9
Treat,6.8,10
Treat,7.9,9.1
Treat,7.8,10.8
Treat,8.7,14.3
Treat,8.2,13.3
Treat,6.5,9.9
Treat,7.4,7.2
Treat,6.9,16.1
Treat,7.4,9.4
Treat,8,17.5
Treat,6.9,9.8
Treat,7.1,7.3
Treat,6.6,8.5
Treat,5.4,10.9
Treat,6.8,10.7
Treat,6.4,8.7
Treat,6.8,9.8
Treat,6.6,18.2
Treat,6.4,8.5
Treat,5.5,9.8
Treat,8.3,14.2
Treat,7,13.3
Treat,8.1,15.8
Treat,6.1,17.2
Treat,8,8.4
Treat,5.3,9.4
Treat,6.3,8.6
Treat,6.9,9.6
Treat,7.1,9.9
Treat,6.2,11.7
Treat,8.2,8.2
Treat,6.8,10.7
Treat,6.4,8.7
Treat,6.8,9.8
Treat,6.6,18.2
Treat,6.4,8.5
Treat,5.5,9.8
Treat,8.3,14.2
Treat,7,13.3
Treat,8.1,15.8
Treat,6.1,17.2
Treat,8,8.4
Treat,5.3,9.4
