plant,stem_length,root_length
Control,7.2,14
Control,11.5,17.1
Control,9.6,12.5
Control,10.4,12.8
Control,10.5,15.6
Control,14,12.5
Control,11.4,19.2
Control,12.6,20
Control,13,15
Control,10.1,15.5
Control,11.6,17.5
Control,7.9,13.3
Control,10.4,13.1
Control,8.5,14.1
Control,12.9,14.1
Control,11.3,18.5
Control,12.3,15
Control,13,13.3
Control,11.4,13.2
Control,12.6,16.4
Control,13.1,16.7
Control,6.8,16.9
Control,11.9,15.9
Control,11,16.8
Control,9.8,12.7
Control,7.5,9.8
Control,14.3,18.7
Control,8.8,17.4
Control,7.5,12.1
Control,9.7,11.1
Control,10,19.2
Control,7.5,12.7
Control,8.8,14.6
Control,6.1,16
Control,9.2,13
Control,9.2,16.3
Control,6.1,13.5
Control,7.5,14.3
Control,8.5,13.8
Treat,7.1,16
Treat,7.5,13.2
Treat,9.9,10.4
Treat,9.1,19.7
Treat,10.6,20.1
Treat,8.1,15.5
Treat,10.5,15.1
Treat,7.1,19.2
Treat,6.1,13.1
Treat,7.5,18.4
Treat,6.5,24
Treat,7.8,18.7
Treat,7.1,19.6
Treat,7.5,14.2
Treat,8.5,18.4
Treat,8.5,24
Treat,12.1,17
Treat,13.1,19.2
Treat,7.1,19.8
Treat,12.1,16
Treat,10.2,19.5
Treat,14.5,18
Treat,8.7,21
Treat,11.5,17.5
Treat,10.7,14
Treat,9.2,15
Treat,6.2,11.7
Treat,7.4,15.5
Treat,9.8,27
Treat,11.5,14
Treat,7.1,14.9
Treat,9.8,14.1
Treat,9.5,11.5
Treat,11.1,17
Treat,9.4,17.5
Treat,12.1,12.1
Treat,7.1,13.5
Treat,11.1,13
Treat,10.2,14
Treat,12.1,8.5
Treat,9.8,13.1
