plant,stem_length,root_length
Control,23.9,25.6
Control,23.9,25.3
Control,23.5,24.3
Control,23.5,24.3
Control,23.4,24.2
Control,23.4,23.6
Control,23.4,23.4
Control,23.4,23.4
Control,23.2,23.3
Control,23.1,21.6
Control,23.1,21.5
Control,23,21.4
Control,22.7,21.2
Control,22.6,20.7
Control,22.4,20.6
Control,22.4,20.3
Control,22.2,20.2
Control,22,19.2
Control,21.9,19.1
Control,21.9,19
Control,21.7,18.5
Control,21.7,18.3
Control,20.8,17.8
Control,20.8,17.6
Control,20.5,17.3
Control,20.4,17.3
Control,19.8,16.8
Control,19.1,16.7
Treat,20.8,35.1
Treat,20.4,33.6
Treat,20.1,29.7
Treat,20,28.7
Treat,19.9,28.7
Treat,19.9,27.4
Treat,19.9,27.4
Treat,19.7,27.1
Treat,19.4,26.9
Treat,19.2,26.8
Treat,19,26.7
Treat,18.9,26.6
Treat,18.9,25.8
Treat,18.8,25
Treat,18.3,24.3
Treat,17.9,24.1
Treat,17.8,23.7
Treat,17.4,22.8
Treat,16.8,22.7
Treat,16.1,22.2
Treat,15.6,22
Treat,15.1,21.2
Treat,14.9,20.8
Treat,16.9,20.4
Treat,16.9,20.2
Treat,17.8,19.3
Treat,15.8,19.2
Treat,16.6,18.3
Treat,20.9,31.4
Treat,20.4,31.1
Treat,18.6,31
Treat,19.6,30.9
Treat,17.6,29.9
Treat,18.4,29.7
Treat,17.4,28.6
Treat,17.2,28.5
Treat,17.2,28.2
Treat,19.1,28
Treat,18.9,27.7
Treat,16.9,27.7
Treat,16.9,27.2
Treat,18.9,26.9
Treat,17.3,26.5
Treat,17.9,25.6
Treat,17.8,24.1
Treat,17.6,23.8
Treat,17.6,23.1
Treat,18.4,23.1
Treat,17.3,23
Treat,18.3,22.8
Treat,17.2,22.6
Treat,18.2,21.6
Treat,18.1,21.6
Treat,16.1,21.3
Treat,17.4,20.2
Treat,19.9,20.1
