plant,stem_length,root_length
Control,30.4,27.1
Control,30.4,27
Control,28.3,24.8
Control,27.6,24.7
Control,31.9,31.4
Control,31.9,31.4
Control,31.7,31.3
Control,31.6,29.6
Control,31.6,29.5
Control,31.5,29.4
Control,32.4,33.6
Control,32.4,33.3
Control,32,32.3
Control,32,32.3
Control,31.9,32.2
Control,31.9,31.6
Control,31.9,31.4
Control,31.9,31.4
Control,31.7,31.3
Control,31.6,29.6
Control,31.6,29.5
Control,31.5,29.4
Control,31.2,29.2
Control,31.1,28.7
Control,30.9,28.6
Control,30.9,28.3
Control,30.7,28.2
Control,30.5,27.2
Control,30.4,27.1
Control,30.4,27
Control,28.3,24.8
Control,27.6,24.7
Treat,27.9,36.7
Treat,27.9,35.4
Treat,27.9,35.4
Treat,27.7,35.1
Treat,28.8,43.1
Treat,28.4,41.6
Treat,28.1,37.7
Treat,26.9,34.6
Treat,26.9,33.8
Treat,26.8,33
Treat,26.3,32.3
Treat,25.9,32.1
Treat,25.8,31.7
Treat,28,36.7
Treat,27.9,36.7
Treat,27.9,35.4
Treat,27.9,35.4
Treat,27.7,35.1
Treat,27.4,34.9
Treat,27.2,34.8
Treat,27,34.7
Treat,26.9,34.6
Treat,26.9,33.8
Treat,26.8,33
Treat,26.3,32.3
Treat,25.9,32.1
Treat,25.8,31.7
Treat,25.4,30.8
Treat,24.8,30.7
Treat,24.1,30.2
Treat,23.6,30
Treat,27.6,38.9
Treat,25.6,37.9
Treat,26.4,37.7
Treat,25.4,36.6
Treat,25.2,36.5
Treat,25.2,36.2
Treat,27.1,36
Treat,26.9,35.7
Treat,24.9,35.7
Treat,24.9,35.2
Treat,26.9,34.9
Treat,25.3,34.5
Treat,25.9,33.6
Treat,25.8,32.1
Treat,25.6,31.8
Treat,25.6,31.1
Treat,26.4,31.1
Treat,25.3,31
Treat,26.3,30.8
Treat,25.2,30.6
Treat,26.2,29.6
Treat,26.1,29.6
Treat,24.1,29.3
Treat,25.4,28.2
Treat,27.9,28.1
Treat,25.9,33.6
Treat,25.8,32.1
Treat,25.6,31.8
Treat,25.6,31.1
Treat,26.4,31.1
Treat,25.3,31
