plant,stem_length,root_length
Control,35.2,31.8
Control,39.5,34.6
Control,37.6,31.5
Control,38.4,38.2
Control,38.5,39
Control,42,34
Control,39.4,34.5
Control,40.6,36.5
Control,41,32.3
Control,38.1,32.1
Control,39.6,33.1
Control,35.9,33.1
Control,38.4,37.5
Control,36.5,34
Control,40.9,32.3
Control,39.3,32.2
Control,40.3,35.4
Control,41,35.7
Control,39.4,35.9
Control,40.6,34.9
Control,41.1,35.8
Control,34.8,31.7
Control,39.9,28.8
Control,39,37.7
Control,37.8,36.4
Control,35.5,31.1
Control,42.3,30.1
Control,36.8,38.2
Control,35.5,31.7
Control,37.7,33.6
Control,38,35
Control,35.5,32
Control,36.8,35.3
Control,34.1,32.5
Control,37.2,33.3
Control,37.2,32.8
Treat,34.1,38
Treat,35.6,35.2
Treat,33.1,32.4
Treat,35.5,41.7
Treat,32.1,42.1
Treat,31.1,37.5
Treat,32.5,37.1
Treat,31.5,41.2
Treat,32.8,35.1
Treat,32.1,40.4
Treat,32.5,46
Treat,33.5,40.7
Treat,33.5,41.6
Treat,37.1,36.2
Treat,38.1,40.4
Treat,32.1,46
Treat,37.1,39
Treat,35.2,41.2
Treat,39.5,41.8
Treat,33.7,38
Treat,36.5,41.5
Treat,35.7,40
Treat,34.2,43
Treat,31.2,39.5
Treat,32.4,36
Treat,34.8,37
Treat,36.5,33.7
Treat,32.1,37.5
Treat,34.8,49
Treat,34.5,36
Treat,36.1,36.9
Treat,34.4,36.1
Treat,37.1,33.5
Treat,32.1,39
Treat,36.1,39.5
Treat,35.2,34.1
Treat,37.1,35.5
Treat,34.8,35
