source,target,phylum_source,phylum_target
OTU-100,OTU-487,Acidobacteria,Gemmatimonadetes
OTU-1014,OTU-242,Proteobacteria,Proteobacteria
OTU-1014,OTU-542,Proteobacteria,Proteobacteria
OTU-10206,OTU-15,Gemmatimonadetes,Proteobacteria
OTU-1031,OTU-425,Proteobacteria,Proteobacteria
OTU-1031,OTU-49,Bacteroidetes,Proteobacteria
OTU-1031,OTU-282,Bacteroidetes,Proteobacteria
OTU-1031,OTU-44,Proteobacteria,Proteobacteria
OTU-104,OTU-61,Acidobacteria,Acidobacteria
OTU-104,OTU-5512,Acidobacteria,Acidobacteria
OTU-104,OTU-1060,Firmicutes,Acidobacteria
OTU-104,OTU-120,Acidobacteria,Acidobacteria
OTU-104,OTU-47,Acidobacteria,Acidobacteria
OTU-104,OTU-8076,Acidobacteria,Acidobacteria
OTU-104,OTU-387,Acidobacteria,Acidobacteria
OTU-104,OTU-291,Bacteroidetes,Acidobacteria
OTU-104,OTU-874,Acidobacteria,Acidobacteria
OTU-104,OTU-37,Acidobacteria,Acidobacteria
OTU-104,OTU-220,Acidobacteria,Acidobacteria
OTU-104,OTU-334,Acidobacteria,Acidobacteria
OTU-104,OTU-32,Acidobacteria,Acidobacteria
OTU-104,OTU-7030,Acidobacteria,Acidobacteria
OTU-104,OTU-119,Acidobacteria,Acidobacteria
OTU-104,OTU-717,Bacteroidetes,Acidobacteria
OTU-104,OTU-10911,Acidobacteria,Acidobacteria
OTU-104,OTU-94,Firmicutes,Acidobacteria
OTU-104,OTU-643,Acidobacteria,Acidobacteria
OTU-104,OTU-3312,Acidobacteria,Acidobacteria
OTU-104,OTU-140,Proteobacteria,Acidobacteria
OTU-1058,OTU-260,Proteobacteria,Proteobacteria
OTU-106,OTU-12652,Proteobacteria,Bacteroidetes
OTU-106,OTU-784,Bacteroidetes,Bacteroidetes
OTU-106,OTU-374,Proteobacteria,Bacteroidetes
OTU-106,OTU-579,Proteobacteria,Bacteroidetes
OTU-106,OTU-191,Gemmatimonadetes,Bacteroidetes
OTU-106,OTU-88,Acidobacteria,Bacteroidetes
OTU-1060,OTU-972,Acidobacteria,Firmicutes
OTU-107,OTU-519,Proteobacteria,Acidobacteria
OTU-10911,OTU-140,Proteobacteria,Acidobacteria
OTU-10911,OTU-272,Firmicutes,Acidobacteria
OTU-10911,OTU-331,Firmicutes,Acidobacteria
OTU-10911,OTU-387,Acidobacteria,Acidobacteria
OTU-10911,OTU-47,Acidobacteria,Acidobacteria
OTU-10911,OTU-201,Bacteroidetes,Acidobacteria
OTU-10911,OTU-37,Acidobacteria,Acidobacteria
OTU-10965,OTU-310,Actinobacteria,Proteobacteria
OTU-11080,OTU-334,Acidobacteria,Acidobacteria
OTU-11080,OTU-220,Acidobacteria,Acidobacteria
OTU-11080,OTU-143,Actinobacteria,Acidobacteria
OTU-1145,OTU-1333,Proteobacteria,Actinobacteria
OTU-1145,OTU-838,Acidobacteria,Actinobacteria
OTU-11511,OTU-11537,Proteobacteria,Proteobacteria
OTU-11511,OTU-88,Acidobacteria,Proteobacteria
OTU-11511,OTU-44,Proteobacteria,Proteobacteria
OTU-11511,OTU-425,Proteobacteria,Proteobacteria
OTU-11511,OTU-616,Proteobacteria,Proteobacteria
OTU-11511,OTU-8049,Proteobacteria,Proteobacteria
OTU-11511,OTU-1437,Proteobacteria,Proteobacteria
OTU-11511,OTU-579,Proteobacteria,Proteobacteria
OTU-11511,OTU-49,Bacteroidetes,Proteobacteria
OTU-11537,OTU-36,Proteobacteria,Proteobacteria
OTU-11537,OTU-43,Gemmatimonadetes,Proteobacteria
OTU-11537,OTU-8049,Proteobacteria,Proteobacteria
OTU-11537,OTU-88,Acidobacteria,Proteobacteria
OTU-11570,OTU-475,Proteobacteria,Bacteroidetes
OTU-116,OTU-866,Acidobacteria,Proteobacteria
OTU-116,OTU-671,Proteobacteria,Proteobacteria
OTU-116,OTU-1138,Proteobacteria,Proteobacteria
OTU-1169,OTU-178,Proteobacteria,Acidobacteria
OTU-1169,OTU-201,Bacteroidetes,Acidobacteria
OTU-1169,OTU-255,Proteobacteria,Acidobacteria
OTU-118,OTU-8378,Proteobacteria,Gemmatimonadetes
OTU-118,OTU-359,Proteobacteria,Gemmatimonadetes
OTU-119,OTU-5512,Acidobacteria,Acidobacteria
OTU-119,OTU-10911,Acidobacteria,Acidobacteria
OTU-119,OTU-47,Acidobacteria,Acidobacteria
OTU-119,OTU-140,Proteobacteria,Acidobacteria
OTU-119,OTU-331,Firmicutes,Acidobacteria
OTU-119,OTU-32,Acidobacteria,Acidobacteria
OTU-119,OTU-120,Acidobacteria,Acidobacteria
OTU-119,OTU-487,Acidobacteria,Acidobacteria
OTU-1195,OTU-180,Bacteroidetes,Proteobacteria
OTU-12,OTU-762,Proteobacteria,Proteobacteria
OTU-12,OTU-1268,Actinobacteria,Proteobacteria
OTU-120,OTU-80,Acidobacteria,Acidobacteria
OTU-120,OTU-464,Acidobacteria,Acidobacteria
OTU-1200,OTU-548,Proteobacteria,Acidobacteria
OTU-12042,OTU-143,Actinobacteria,Acidobacteria
OTU-12446,OTU-4234,Actinobacteria,Actinobacteria
OTU-1247,OTU-310,Actinobacteria,Actinobacteria
OTU-12534,OTU-48,Bacteroidetes,Bacteroidetes
OTU-12534,OTU-671,Proteobacteria,Bacteroidetes
OTU-12534,OTU-239,Bacteroidetes,Bacteroidetes
OTU-12547,OTU-254,Actinobacteria,Proteobacteria
OTU-12547,OTU-564,Proteobacteria,Proteobacteria
OTU-1260,OTU-15,Gemmatimonadetes,Actinobacteria
OTU-12652,OTU-8049,Proteobacteria,Proteobacteria
OTU-12677,OTU-397,Proteobacteria,Proteobacteria
OTU-12677,OTU-68,Proteobacteria,Proteobacteria
OTU-12677,OTU-623,Proteobacteria,Proteobacteria
OTU-12677,OTU-463,Proteobacteria,Proteobacteria
OTU-1268,OTU-1071,Acidobacteria,Actinobacteria
OTU-1272,OTU-2548,Proteobacteria,Proteobacteria
OTU-1272,OTU-341,Bacteroidetes,Proteobacteria
OTU-12743,OTU-2952,Proteobacteria,Proteobacteria
OTU-1282,OTU-10911,Acidobacteria,Proteobacteria
OTU-1282,OTU-178,Proteobacteria,Proteobacteria
OTU-1282,OTU-283,Proteobacteria,Proteobacteria
OTU-1282,OTU-201,Bacteroidetes,Proteobacteria
OTU-1282,OTU-510,Proteobacteria,Proteobacteria
OTU-1282,OTU-397,Proteobacteria,Proteobacteria
OTU-129,OTU-144,Actinobacteria,Gemmatimonadetes
OTU-129,OTU-583,Actinobacteria,Gemmatimonadetes
OTU-1333,OTU-838,Acidobacteria,Proteobacteria
OTU-1333,OTU-278,Gemmatimonadetes,Proteobacteria
OTU-1352,OTU-80,Acidobacteria,Acidobacteria
OTU-1352,OTU-120,Acidobacteria,Acidobacteria
OTU-1352,OTU-464,Acidobacteria,Acidobacteria
OTU-1384,OTU-327,Actinobacteria,Proteobacteria
OTU-140,OTU-120,Acidobacteria,Proteobacteria
OTU-140,OTU-12042,Acidobacteria,Proteobacteria
OTU-140,OTU-464,Acidobacteria,Proteobacteria
OTU-140,OTU-387,Acidobacteria,Proteobacteria
OTU-140,OTU-385,Bacteroidetes,Proteobacteria
OTU-140,OTU-143,Actinobacteria,Proteobacteria
OTU-140,OTU-47,Acidobacteria,Proteobacteria
OTU-140,OTU-235,Proteobacteria,Proteobacteria
OTU-140,OTU-331,Firmicutes,Proteobacteria
OTU-1403,OTU-752,Acidobacteria,Proteobacteria
OTU-143,OTU-464,Acidobacteria,Actinobacteria
OTU-1437,OTU-135,Proteobacteria,Proteobacteria
OTU-151,OTU-692,Proteobacteria,Proteobacteria
OTU-1604,OTU-257,Proteobacteria,Acidobacteria
OTU-1604,OTU-331,Firmicutes,Acidobacteria
OTU-1611,OTU-397,Proteobacteria,Acidobacteria
OTU-1611,OTU-387,Acidobacteria,Acidobacteria
OTU-162,OTU-554,Acidobacteria,Acidobacteria
OTU-167,OTU-1009,Proteobacteria,Bacteroidetes
OTU-17,OTU-642,Proteobacteria,Proteobacteria
OTU-173,OTU-462,Actinobacteria,Acidobacteria
OTU-173,OTU-310,Actinobacteria,Acidobacteria
OTU-174,OTU-220,Acidobacteria,Acidobacteria
OTU-178,OTU-463,Proteobacteria,Proteobacteria
OTU-1804,OTU-280,Bacteroidetes,Gemmatimonadetes
OTU-1840,OTU-530,Acidobacteria,Acidobacteria
OTU-185,OTU-351,Acidobacteria,Acidobacteria
OTU-185,OTU-125,Acidobacteria,Acidobacteria
OTU-185,OTU-385,Bacteroidetes,Acidobacteria
OTU-185,OTU-266,Acidobacteria,Acidobacteria
OTU-185,OTU-80,Acidobacteria,Acidobacteria
OTU-1870,OTU-81,Proteobacteria,Gemmatimonadetes
OTU-1870,OTU-1668,Gemmatimonadetes,Gemmatimonadetes
OTU-1870,OTU-263,Proteobacteria,Gemmatimonadetes
OTU-1874,OTU-102,Bacteroidetes,Proteobacteria
OTU-189,OTU-213,Proteobacteria,Proteobacteria
OTU-191,OTU-583,Actinobacteria,Gemmatimonadetes
OTU-1927,OTU-2328,Proteobacteria,Proteobacteria
OTU-194,OTU-177,Proteobacteria,Proteobacteria
OTU-20,OTU-1060,Firmicutes,Acidobacteria
OTU-2012,OTU-140,Proteobacteria,Acidobacteria
OTU-2012,OTU-143,Actinobacteria,Acidobacteria
OTU-2012,OTU-6065,Acidobacteria,Acidobacteria
OTU-203,OTU-32,Acidobacteria,Acidobacteria
OTU-203,OTU-37,Acidobacteria,Acidobacteria
OTU-203,OTU-140,Proteobacteria,Acidobacteria
OTU-203,OTU-1060,Firmicutes,Acidobacteria
OTU-203,OTU-5512,Acidobacteria,Acidobacteria
OTU-203,OTU-291,Bacteroidetes,Acidobacteria
OTU-203,OTU-47,Acidobacteria,Acidobacteria
OTU-203,OTU-8076,Acidobacteria,Acidobacteria
OTU-205,OTU-878,Bacteroidetes,Bacteroidetes
OTU-206,OTU-140,Proteobacteria,Proteobacteria
OTU-207,OTU-100,Gemmatimonadetes,Acidobacteria
OTU-207,OTU-235,Proteobacteria,Acidobacteria
OTU-207,OTU-1841,Proteobacteria,Acidobacteria
OTU-207,OTU-487,Acidobacteria,Acidobacteria
OTU-21,OTU-38,Gemmatimonadetes,Gemmatimonadetes
OTU-21,OTU-389,Gemmatimonadetes,Gemmatimonadetes
OTU-21,OTU-972,Acidobacteria,Gemmatimonadetes
OTU-211,OTU-860,Actinobacteria,Proteobacteria
OTU-214,OTU-517,Proteobacteria,Proteobacteria
OTU-214,OTU-9583,Proteobacteria,Proteobacteria
OTU-216,OTU-619,Acidobacteria,Gemmatimonadetes
OTU-219,OTU-344,Acidobacteria,Acidobacteria
OTU-2199,OTU-422,Acidobacteria,Acidobacteria
OTU-2199,OTU-4999,Proteobacteria,Acidobacteria
OTU-2199,OTU-352,Acidobacteria,Acidobacteria
OTU-220,OTU-120,Acidobacteria,Acidobacteria
OTU-220,OTU-334,Acidobacteria,Acidobacteria
OTU-220,OTU-47,Acidobacteria,Acidobacteria
OTU-222,OTU-972,Acidobacteria,Gemmatimonadetes
OTU-2245,OTU-292,Gemmatimonadetes,Gemmatimonadetes
OTU-225,OTU-438,Proteobacteria,Proteobacteria
OTU-226,OTU-220,Acidobacteria,Firmicutes
OTU-2278,OTU-163,Bacteroidetes,Proteobacteria
OTU-229,OTU-432,Gemmatimonadetes,Acidobacteria
OTU-2298,OTU-860,Actinobacteria,Proteobacteria
OTU-230,OTU-3958,Proteobacteria,Acidobacteria
OTU-2302,OTU-29,Bacteroidetes,Proteobacteria
OTU-233,OTU-311,Bacteroidetes,Bacteroidetes
OTU-238,OTU-12042,Acidobacteria,Acidobacteria
OTU-238,OTU-549,Acidobacteria,Acidobacteria
OTU-238,OTU-143,Actinobacteria,Acidobacteria
OTU-239,OTU-447,Proteobacteria,Bacteroidetes
OTU-2395,OTU-305,Actinobacteria,Proteobacteria
OTU-24,OTU-1437,Proteobacteria,Bacteroidetes
OTU-24,OTU-44,Proteobacteria,Bacteroidetes
OTU-242,OTU-10550,Proteobacteria,Proteobacteria
OTU-247,OTU-89,Proteobacteria,Proteobacteria
OTU-247,OTU-667,Acidobacteria,Proteobacteria
OTU-252,OTU-596,Acidobacteria,Proteobacteria
OTU-260,OTU-395,Proteobacteria,Proteobacteria
OTU-2609,OTU-131,Proteobacteria,Proteobacteria
OTU-263,OTU-200,Bacteroidetes,Proteobacteria
OTU-266,OTU-344,Acidobacteria,Acidobacteria
OTU-272,OTU-331,Firmicutes,Firmicutes
OTU-272,OTU-140,Proteobacteria,Firmicutes
OTU-272,OTU-37,Acidobacteria,Firmicutes
OTU-280,OTU-12652,Proteobacteria,Bacteroidetes
OTU-280,OTU-178,Proteobacteria,Bacteroidetes
OTU-280,OTU-88,Acidobacteria,Bacteroidetes
OTU-280,OTU-48,Bacteroidetes,Bacteroidetes
OTU-280,OTU-29,Bacteroidetes,Bacteroidetes
OTU-283,OTU-48,Bacteroidetes,Proteobacteria
OTU-283,OTU-178,Proteobacteria,Proteobacteria
OTU-2891,OTU-8974,Actinobacteria,Acidobacteria
OTU-291,OTU-220,Acidobacteria,Bacteroidetes
OTU-291,OTU-717,Bacteroidetes,Bacteroidetes
OTU-291,OTU-5512,Acidobacteria,Bacteroidetes
OTU-291,OTU-464,Acidobacteria,Bacteroidetes
OTU-291,OTU-120,Acidobacteria,Bacteroidetes
OTU-291,OTU-140,Proteobacteria,Bacteroidetes
OTU-291,OTU-334,Acidobacteria,Bacteroidetes
OTU-291,OTU-2012,Acidobacteria,Bacteroidetes
OTU-291,OTU-10911,Acidobacteria,Bacteroidetes
OTU-291,OTU-387,Acidobacteria,Bacteroidetes
OTU-291,OTU-6065,Acidobacteria,Bacteroidetes
OTU-292,OTU-212,Gemmatimonadetes,Gemmatimonadetes
OTU-295,OTU-213,Proteobacteria,Proteobacteria
OTU-295,OTU-642,Proteobacteria,Proteobacteria
OTU-295,OTU-17,Proteobacteria,Proteobacteria
OTU-296,OTU-29,Bacteroidetes,Proteobacteria
OTU-296,OTU-8049,Proteobacteria,Proteobacteria
OTU-296,OTU-12652,Proteobacteria,Proteobacteria
OTU-30,OTU-140,Proteobacteria,Acidobacteria
OTU-30,OTU-7030,Acidobacteria,Acidobacteria
OTU-30,OTU-643,Acidobacteria,Acidobacteria
OTU-30,OTU-120,Acidobacteria,Acidobacteria
OTU-30,OTU-203,Acidobacteria,Acidobacteria
OTU-30,OTU-47,Acidobacteria,Acidobacteria
OTU-30,OTU-272,Firmicutes,Acidobacteria
OTU-30,OTU-75,Acidobacteria,Acidobacteria
OTU-30,OTU-10911,Acidobacteria,Acidobacteria
OTU-30,OTU-3312,Acidobacteria,Acidobacteria
OTU-30,OTU-32,Acidobacteria,Acidobacteria
OTU-30,OTU-104,Acidobacteria,Acidobacteria
OTU-30,OTU-331,Firmicutes,Acidobacteria
OTU-30,OTU-37,Acidobacteria,Acidobacteria
OTU-30,OTU-357,Acidobacteria,Acidobacteria
OTU-30,OTU-8076,Acidobacteria,Acidobacteria
OTU-303,OTU-47,Acidobacteria,Proteobacteria
OTU-303,OTU-61,Acidobacteria,Proteobacteria
OTU-303,OTU-874,Acidobacteria,Proteobacteria
OTU-303,OTU-37,Acidobacteria,Proteobacteria
OTU-303,OTU-357,Acidobacteria,Proteobacteria
OTU-303,OTU-1282,Proteobacteria,Proteobacteria
OTU-303,OTU-201,Bacteroidetes,Proteobacteria
OTU-303,OTU-10911,Acidobacteria,Proteobacteria
OTU-303,OTU-104,Acidobacteria,Proteobacteria
OTU-303,OTU-32,Acidobacteria,Proteobacteria
OTU-304,OTU-1018,Proteobacteria,Bacteroidetes
OTU-306,OTU-1407,Bacteroidetes,Bacteroidetes
OTU-31,OTU-182,Proteobacteria,Bacteroidetes
OTU-310,OTU-11640,Proteobacteria,Actinobacteria
OTU-314,OTU-238,Acidobacteria,Acidobacteria
OTU-315,OTU-605,Acidobacteria,Proteobacteria
OTU-315,OTU-140,Proteobacteria,Proteobacteria
OTU-315,OTU-207,Acidobacteria,Proteobacteria
OTU-32,OTU-120,Acidobacteria,Acidobacteria
OTU-32,OTU-272,Firmicutes,Acidobacteria
OTU-32,OTU-10911,Acidobacteria,Acidobacteria
OTU-32,OTU-1060,Firmicutes,Acidobacteria
OTU-32,OTU-3312,Acidobacteria,Acidobacteria
OTU-32,OTU-47,Acidobacteria,Acidobacteria
OTU-32,OTU-140,Proteobacteria,Acidobacteria
OTU-32,OTU-37,Acidobacteria,Acidobacteria
OTU-32,OTU-331,Firmicutes,Acidobacteria
OTU-324,OTU-283,Proteobacteria,Gemmatimonadetes
OTU-3247,OTU-1723,Proteobacteria,Proteobacteria
OTU-325,OTU-28,Proteobacteria,Proteobacteria
OTU-328,OTU-140,Proteobacteria,Proteobacteria
OTU-330,OTU-2952,Proteobacteria,Actinobacteria
OTU-331,OTU-213,Proteobacteria,Firmicutes
OTU-331,OTU-397,Proteobacteria,Firmicutes
OTU-3312,OTU-140,Proteobacteria,Acidobacteria
OTU-3312,OTU-120,Acidobacteria,Acidobacteria
OTU-3312,OTU-185,Acidobacteria,Acidobacteria
OTU-3312,OTU-717,Bacteroidetes,Acidobacteria
OTU-336,OTU-5702,Actinobacteria,Actinobacteria
OTU-340,OTU-397,Proteobacteria,Proteobacteria
OTU-3434,OTU-8324,Proteobacteria,Bacteroidetes
OTU-346,OTU-517,Proteobacteria,Proteobacteria
OTU-348,OTU-484,Actinobacteria,Actinobacteria
OTU-352,OTU-4999,Proteobacteria,Acidobacteria
OTU-357,OTU-10911,Acidobacteria,Acidobacteria
OTU-357,OTU-7030,Acidobacteria,Acidobacteria
OTU-357,OTU-61,Acidobacteria,Acidobacteria
OTU-357,OTU-426,Firmicutes,Acidobacteria
OTU-357,OTU-283,Proteobacteria,Acidobacteria
OTU-357,OTU-94,Firmicutes,Acidobacteria
OTU-357,OTU-387,Acidobacteria,Acidobacteria
OTU-357,OTU-450,Proteobacteria,Acidobacteria
OTU-357,OTU-104,Acidobacteria,Acidobacteria
OTU-359,OTU-114,Actinobacteria,Proteobacteria
OTU-36,OTU-12652,Proteobacteria,Proteobacteria
OTU-36,OTU-8049,Proteobacteria,Proteobacteria
OTU-360,OTU-124,Bacteroidetes,Proteobacteria
OTU-3625,OTU-542,Proteobacteria,Proteobacteria
OTU-3625,OTU-793,Gemmatimonadetes,Proteobacteria
OTU-363,OTU-686,Gemmatimonadetes,Proteobacteria
OTU-37,OTU-334,Acidobacteria,Acidobacteria
OTU-37,OTU-120,Acidobacteria,Acidobacteria
OTU-371,OTU-323,Actinobacteria,Gemmatimonadetes
OTU-371,OTU-144,Actinobacteria,Gemmatimonadetes
OTU-374,OTU-1437,Proteobacteria,Proteobacteria
OTU-374,OTU-354,Proteobacteria,Proteobacteria
OTU-374,OTU-12489,Proteobacteria,Proteobacteria
OTU-380,OTU-1268,Actinobacteria,Acidobacteria
OTU-384,OTU-100,Gemmatimonadetes,Acidobacteria
OTU-385,OTU-266,Acidobacteria,Bacteroidetes
OTU-385,OTU-351,Acidobacteria,Bacteroidetes
OTU-389,OTU-212,Gemmatimonadetes,Gemmatimonadetes
OTU-39,OTU-90,Actinobacteria,Actinobacteria
OTU-391,OTU-12489,Proteobacteria,Actinobacteria
OTU-391,OTU-890,Acidobacteria,Actinobacteria
OTU-397,OTU-389,Gemmatimonadetes,Proteobacteria
OTU-4,OTU-752,Acidobacteria,Proteobacteria
OTU-40,OTU-292,Gemmatimonadetes,Proteobacteria
OTU-40,OTU-642,Proteobacteria,Proteobacteria
OTU-40,OTU-17,Proteobacteria,Proteobacteria
OTU-40,OTU-213,Proteobacteria,Proteobacteria
OTU-40,OTU-212,Gemmatimonadetes,Proteobacteria
OTU-40,OTU-397,Proteobacteria,Proteobacteria
OTU-40,OTU-2245,Gemmatimonadetes,Proteobacteria
OTU-400,OTU-223,Actinobacteria,Proteobacteria
OTU-401,OTU-2302,Proteobacteria,Gemmatimonadetes
OTU-402,OTU-529,Proteobacteria,Acidobacteria
OTU-402,OTU-119,Acidobacteria,Acidobacteria
OTU-402,OTU-487,Acidobacteria,Acidobacteria
OTU-402,OTU-140,Proteobacteria,Acidobacteria
OTU-407,OTU-686,Gemmatimonadetes,Proteobacteria
OTU-407,OTU-363,Proteobacteria,Proteobacteria
OTU-414,OTU-631,Acidobacteria,Gemmatimonadetes
OTU-414,OTU-80,Acidobacteria,Gemmatimonadetes
OTU-414,OTU-3798,Acidobacteria,Gemmatimonadetes
OTU-4189,OTU-43,Gemmatimonadetes,Gemmatimonadetes
OTU-4189,OTU-714,Proteobacteria,Gemmatimonadetes
OTU-4189,OTU-191,Gemmatimonadetes,Gemmatimonadetes
OTU-4234,OTU-110,Actinobacteria,Actinobacteria
OTU-4234,OTU-1821,Proteobacteria,Actinobacteria
OTU-4234,OTU-262,Actinobacteria,Actinobacteria
OTU-425,OTU-282,Bacteroidetes,Proteobacteria
OTU-425,OTU-44,Proteobacteria,Proteobacteria
OTU-425,OTU-49,Bacteroidetes,Proteobacteria
OTU-429,OTU-541,Gemmatimonadetes,Proteobacteria
OTU-43,OTU-642,Proteobacteria,Gemmatimonadetes
OTU-43,OTU-397,Proteobacteria,Gemmatimonadetes
OTU-431,OTU-279,Proteobacteria,Proteobacteria
OTU-44,OTU-616,Proteobacteria,Proteobacteria
OTU-44,OTU-88,Acidobacteria,Proteobacteria
OTU-44,OTU-49,Bacteroidetes,Proteobacteria
OTU-44,OTU-1437,Proteobacteria,Proteobacteria
OTU-44,OTU-564,Proteobacteria,Proteobacteria
OTU-447,OTU-596,Acidobacteria,Proteobacteria
OTU-448,OTU-619,Acidobacteria,Acidobacteria
OTU-448,OTU-216,Gemmatimonadetes,Acidobacteria
OTU-449,OTU-674,Acidobacteria,Acidobacteria
OTU-449,OTU-76,Actinobacteria,Acidobacteria
OTU-45,OTU-81,Proteobacteria,Gemmatimonadetes
OTU-45,OTU-3625,Proteobacteria,Gemmatimonadetes
OTU-462,OTU-1247,Actinobacteria,Actinobacteria
OTU-468,OTU-667,Acidobacteria,Acidobacteria
OTU-47,OTU-1060,Firmicutes,Acidobacteria
OTU-47,OTU-37,Acidobacteria,Acidobacteria
OTU-47,OTU-334,Acidobacteria,Acidobacteria
OTU-47,OTU-120,Acidobacteria,Acidobacteria
OTU-482,OTU-540,Actinobacteria,Gemmatimonadetes
OTU-4895,OTU-328,Proteobacteria,Acidobacteria
OTU-49,OTU-29,Bacteroidetes,Bacteroidetes
OTU-49,OTU-296,Proteobacteria,Bacteroidetes
OTU-491,OTU-1668,Gemmatimonadetes,Proteobacteria
OTU-496,OTU-298,Proteobacteria,Actinobacteria
OTU-4999,OTU-562,Proteobacteria,Proteobacteria
OTU-4999,OTU-422,Acidobacteria,Proteobacteria
OTU-5,OTU-151,Proteobacteria,Proteobacteria
OTU-50,OTU-450,Proteobacteria,Firmicutes
OTU-50,OTU-94,Firmicutes,Firmicutes
OTU-501,OTU-244,Actinobacteria,Gemmatimonadetes
OTU-503,OTU-549,Acidobacteria,Acidobacteria
OTU-503,OTU-143,Actinobacteria,Acidobacteria
OTU-503,OTU-475,Proteobacteria,Acidobacteria
OTU-503,OTU-12042,Acidobacteria,Acidobacteria
OTU-503,OTU-2012,Acidobacteria,Acidobacteria
OTU-503,OTU-238,Acidobacteria,Acidobacteria
OTU-503,OTU-140,Proteobacteria,Acidobacteria
OTU-505,OTU-140,Proteobacteria,Actinobacteria
OTU-509,OTU-167,Bacteroidetes,Proteobacteria
OTU-51,OTU-315,Proteobacteria,Proteobacteria
OTU-51,OTU-2199,Acidobacteria,Proteobacteria
OTU-51,OTU-119,Acidobacteria,Proteobacteria
OTU-51,OTU-422,Acidobacteria,Proteobacteria
OTU-51,OTU-1841,Proteobacteria,Proteobacteria
OTU-51,OTU-5512,Acidobacteria,Proteobacteria
OTU-51,OTU-207,Acidobacteria,Proteobacteria
OTU-51,OTU-487,Acidobacteria,Proteobacteria
OTU-513,OTU-140,Proteobacteria,Acidobacteria
OTU-513,OTU-32,Acidobacteria,Acidobacteria
OTU-513,OTU-344,Acidobacteria,Acidobacteria
OTU-5156,OTU-205,Bacteroidetes,Actinobacteria
OTU-529,OTU-100,Gemmatimonadetes,Proteobacteria
OTU-529,OTU-147,Gemmatimonadetes,Proteobacteria
OTU-529,OTU-376,Actinobacteria,Proteobacteria
OTU-53,OTU-45,Gemmatimonadetes,Proteobacteria
OTU-53,OTU-81,Proteobacteria,Proteobacteria
OTU-534,OTU-521,Bacteroidetes,Proteobacteria
OTU-536,OTU-291,Bacteroidetes,Proteobacteria
OTU-536,OTU-380,Acidobacteria,Proteobacteria
OTU-536,OTU-387,Acidobacteria,Proteobacteria
OTU-536,OTU-717,Bacteroidetes,Proteobacteria
OTU-544,OTU-5512,Acidobacteria,Gemmatimonadetes
OTU-544,OTU-9032,Proteobacteria,Gemmatimonadetes
OTU-544,OTU-6334,Proteobacteria,Gemmatimonadetes
OTU-544,OTU-1604,Acidobacteria,Gemmatimonadetes
OTU-545,OTU-11080,Acidobacteria,Acidobacteria
OTU-545,OTU-220,Acidobacteria,Acidobacteria
OTU-545,OTU-334,Acidobacteria,Acidobacteria
OTU-545,OTU-120,Acidobacteria,Acidobacteria
OTU-5475,OTU-328,Proteobacteria,Proteobacteria
OTU-549,OTU-32,Acidobacteria,Acidobacteria
OTU-549,OTU-140,Proteobacteria,Acidobacteria
OTU-549,OTU-143,Actinobacteria,Acidobacteria
OTU-549,OTU-174,Acidobacteria,Acidobacteria
OTU-5512,OTU-47,Acidobacteria,Acidobacteria
OTU-5512,OTU-1060,Firmicutes,Acidobacteria
OTU-5512,OTU-140,Proteobacteria,Acidobacteria
OTU-5512,OTU-10911,Acidobacteria,Acidobacteria
OTU-5546,OTU-431,Proteobacteria,Proteobacteria
OTU-555,OTU-61,Acidobacteria,Bacteroidetes
OTU-555,OTU-206,Proteobacteria,Bacteroidetes
OTU-556,OTU-61,Acidobacteria,Acidobacteria
OTU-556,OTU-2012,Acidobacteria,Acidobacteria
OTU-556,OTU-334,Acidobacteria,Acidobacteria
OTU-556,OTU-438,Proteobacteria,Acidobacteria
OTU-556,OTU-291,Bacteroidetes,Acidobacteria
OTU-556,OTU-555,Bacteroidetes,Acidobacteria
OTU-556,OTU-6065,Acidobacteria,Acidobacteria
OTU-56,OTU-2766,Proteobacteria,Gemmatimonadetes
OTU-560,OTU-4816,Proteobacteria,Bacteroidetes
OTU-5682,OTU-1303,Proteobacteria,Proteobacteria
OTU-57,OTU-450,Proteobacteria,Proteobacteria
OTU-57,OTU-671,Proteobacteria,Proteobacteria
OTU-5720,OTU-253,Proteobacteria,Proteobacteria
OTU-5720,OTU-451,Acidobacteria,Proteobacteria
OTU-573,OTU-234,Actinobacteria,Acidobacteria
OTU-578,OTU-872,Actinobacteria,Proteobacteria
OTU-579,OTU-280,Bacteroidetes,Proteobacteria
OTU-579,OTU-88,Acidobacteria,Proteobacteria
OTU-579,OTU-49,Bacteroidetes,Proteobacteria
OTU-582,OTU-4816,Proteobacteria,Proteobacteria
OTU-583,OTU-276,Proteobacteria,Actinobacteria
OTU-591,OTU-651,Acidobacteria,Acidobacteria
OTU-594,OTU-364,Proteobacteria,Proteobacteria
OTU-594,OTU-376,Actinobacteria,Proteobacteria
OTU-600,OTU-374,Proteobacteria,Bacteroidetes
OTU-600,OTU-191,Gemmatimonadetes,Bacteroidetes
OTU-604,OTU-433,Proteobacteria,Proteobacteria
OTU-605,OTU-6065,Acidobacteria,Acidobacteria
OTU-61,OTU-7030,Acidobacteria,Acidobacteria
OTU-61,OTU-94,Firmicutes,Acidobacteria
OTU-61,OTU-5512,Acidobacteria,Acidobacteria
OTU-61,OTU-334,Acidobacteria,Acidobacteria
OTU-61,OTU-10911,Acidobacteria,Acidobacteria
OTU-61,OTU-291,Bacteroidetes,Acidobacteria
OTU-61,OTU-140,Proteobacteria,Acidobacteria
OTU-61,OTU-387,Acidobacteria,Acidobacteria
OTU-610,OTU-560,Bacteroidetes,Proteobacteria
OTU-613,OTU-185,Acidobacteria,Acidobacteria
OTU-613,OTU-351,Acidobacteria,Acidobacteria
OTU-613,OTU-140,Proteobacteria,Acidobacteria
OTU-613,OTU-385,Bacteroidetes,Acidobacteria
OTU-613,OTU-266,Acidobacteria,Acidobacteria
OTU-62,OTU-43,Gemmatimonadetes,Proteobacteria
OTU-6211,OTU-493,Proteobacteria,Actinobacteria
OTU-622,OTU-247,Proteobacteria,Gemmatimonadetes
OTU-623,OTU-178,Proteobacteria,Proteobacteria
OTU-623,OTU-463,Proteobacteria,Proteobacteria
OTU-623,OTU-1169,Acidobacteria,Proteobacteria
OTU-6263,OTU-245,Proteobacteria,Gemmatimonadetes
OTU-63,OTU-397,Proteobacteria,Proteobacteria
OTU-63,OTU-295,Proteobacteria,Proteobacteria
OTU-63,OTU-213,Proteobacteria,Proteobacteria
OTU-632,OTU-1595,Gemmatimonadetes,Gemmatimonadetes
OTU-6331,OTU-331,Firmicutes,Acidobacteria
OTU-6331,OTU-613,Acidobacteria,Acidobacteria
OTU-6331,OTU-385,Bacteroidetes,Acidobacteria
OTU-6331,OTU-272,Firmicutes,Acidobacteria
OTU-6331,OTU-140,Proteobacteria,Acidobacteria
OTU-6331,OTU-125,Acidobacteria,Acidobacteria
OTU-6331,OTU-185,Acidobacteria,Acidobacteria
OTU-6331,OTU-266,Acidobacteria,Acidobacteria
OTU-6334,OTU-1604,Acidobacteria,Proteobacteria
OTU-637,OTU-671,Proteobacteria,Proteobacteria
OTU-642,OTU-235,Proteobacteria,Proteobacteria
OTU-643,OTU-3312,Acidobacteria,Acidobacteria
OTU-643,OTU-334,Acidobacteria,Acidobacteria
OTU-643,OTU-140,Proteobacteria,Acidobacteria
OTU-643,OTU-143,Actinobacteria,Acidobacteria
OTU-643,OTU-61,Acidobacteria,Acidobacteria
OTU-643,OTU-291,Bacteroidetes,Acidobacteria
OTU-643,OTU-7030,Acidobacteria,Acidobacteria
OTU-643,OTU-174,Acidobacteria,Acidobacteria
OTU-643,OTU-220,Acidobacteria,Acidobacteria
OTU-643,OTU-37,Acidobacteria,Acidobacteria
OTU-643,OTU-717,Bacteroidetes,Acidobacteria
OTU-643,OTU-47,Acidobacteria,Acidobacteria
OTU-643,OTU-8076,Acidobacteria,Acidobacteria
OTU-643,OTU-32,Acidobacteria,Acidobacteria
OTU-643,OTU-11080,Acidobacteria,Acidobacteria
OTU-643,OTU-120,Acidobacteria,Acidobacteria
OTU-644,OTU-360,Proteobacteria,Proteobacteria
OTU-646,OTU-635,Gemmatimonadetes,Acidobacteria
OTU-647,OTU-1616,Proteobacteria,Proteobacteria
OTU-65,OTU-151,Proteobacteria,Proteobacteria
OTU-65,OTU-5,Proteobacteria,Proteobacteria
OTU-667,OTU-89,Proteobacteria,Acidobacteria
OTU-68,OTU-671,Proteobacteria,Proteobacteria
OTU-689,OTU-385,Bacteroidetes,Gemmatimonadetes
OTU-689,OTU-351,Acidobacteria,Gemmatimonadetes
OTU-69,OTU-255,Proteobacteria,Proteobacteria
OTU-690,OTU-9921,Proteobacteria,Proteobacteria
OTU-7,OTU-10550,Proteobacteria,Proteobacteria
OTU-702,OTU-133,Proteobacteria,Actinobacteria
OTU-702,OTU-1107,Proteobacteria,Actinobacteria
OTU-7030,OTU-47,Acidobacteria,Acidobacteria
OTU-7030,OTU-334,Acidobacteria,Acidobacteria
OTU-7030,OTU-10911,Acidobacteria,Acidobacteria
OTU-7030,OTU-5512,Acidobacteria,Acidobacteria
OTU-7030,OTU-37,Acidobacteria,Acidobacteria
OTU-7030,OTU-220,Acidobacteria,Acidobacteria
OTU-711,OTU-1760,Actinobacteria,Proteobacteria
OTU-711,OTU-671,Proteobacteria,Proteobacteria
OTU-717,OTU-464,Acidobacteria,Bacteroidetes
OTU-717,OTU-140,Proteobacteria,Bacteroidetes
OTU-717,OTU-387,Acidobacteria,Bacteroidetes
OTU-7191,OTU-298,Proteobacteria,Proteobacteria
OTU-72,OTU-1268,Actinobacteria,Actinobacteria
OTU-726,OTU-784,Bacteroidetes,Proteobacteria
OTU-728,OTU-751,Proteobacteria,Bacteroidetes
OTU-73,OTU-692,Proteobacteria,Proteobacteria
OTU-73,OTU-151,Proteobacteria,Proteobacteria
OTU-73,OTU-65,Proteobacteria,Proteobacteria
OTU-736,OTU-271,Actinobacteria,Actinobacteria
OTU-736,OTU-11152,Proteobacteria,Actinobacteria
OTU-7394,OTU-1407,Bacteroidetes,Proteobacteria
OTU-7394,OTU-306,Bacteroidetes,Proteobacteria
OTU-74,OTU-53,Proteobacteria,Proteobacteria
OTU-74,OTU-692,Proteobacteria,Proteobacteria
OTU-74,OTU-65,Proteobacteria,Proteobacteria
OTU-74,OTU-151,Proteobacteria,Proteobacteria
OTU-74,OTU-73,Proteobacteria,Proteobacteria
OTU-74,OTU-793,Gemmatimonadetes,Proteobacteria
OTU-75,OTU-272,Firmicutes,Acidobacteria
OTU-75,OTU-10911,Acidobacteria,Acidobacteria
OTU-75,OTU-331,Firmicutes,Acidobacteria
OTU-75,OTU-450,Proteobacteria,Acidobacteria
OTU-75,OTU-513,Acidobacteria,Acidobacteria
OTU-75,OTU-120,Acidobacteria,Acidobacteria
OTU-75,OTU-140,Proteobacteria,Acidobacteria
OTU-76,OTU-674,Acidobacteria,Actinobacteria
OTU-762,OTU-168,Proteobacteria,Proteobacteria
OTU-764,OTU-294,Proteobacteria,Gemmatimonadetes
OTU-772,OTU-444,Acidobacteria,Acidobacteria
OTU-775,OTU-169,Proteobacteria,Proteobacteria
OTU-777,OTU-6837,Actinobacteria,Actinobacteria
OTU-7902,OTU-2766,Proteobacteria,Proteobacteria
OTU-804,OTU-726,Proteobacteria,Bacteroidetes
OTU-804,OTU-784,Bacteroidetes,Bacteroidetes
OTU-8049,OTU-29,Bacteroidetes,Proteobacteria
OTU-8076,OTU-549,Acidobacteria,Acidobacteria
OTU-8076,OTU-47,Acidobacteria,Acidobacteria
OTU-8076,OTU-120,Acidobacteria,Acidobacteria
OTU-8076,OTU-119,Acidobacteria,Acidobacteria
OTU-8076,OTU-3312,Acidobacteria,Acidobacteria
OTU-8076,OTU-37,Acidobacteria,Acidobacteria
OTU-8076,OTU-32,Acidobacteria,Acidobacteria
OTU-8076,OTU-464,Acidobacteria,Acidobacteria
OTU-8076,OTU-140,Proteobacteria,Acidobacteria
OTU-8076,OTU-143,Actinobacteria,Acidobacteria
OTU-812,OTU-157,Gemmatimonadetes,Actinobacteria
OTU-814,OTU-737,Gemmatimonadetes,Gemmatimonadetes
OTU-822,OTU-181,Proteobacteria,Proteobacteria
OTU-826,OTU-388,Gemmatimonadetes,Gemmatimonadetes
OTU-83,OTU-348,Actinobacteria,Proteobacteria
OTU-8324,OTU-12489,Proteobacteria,Proteobacteria
OTU-834,OTU-651,Acidobacteria,Proteobacteria
OTU-838,OTU-453,Proteobacteria,Acidobacteria
OTU-844,OTU-540,Actinobacteria,Gemmatimonadetes
OTU-8442,OTU-3312,Acidobacteria,Gemmatimonadetes
OTU-8442,OTU-206,Proteobacteria,Gemmatimonadetes
OTU-8442,OTU-555,Bacteroidetes,Gemmatimonadetes
OTU-8442,OTU-140,Proteobacteria,Gemmatimonadetes
OTU-8442,OTU-8076,Acidobacteria,Gemmatimonadetes
OTU-856,OTU-2548,Proteobacteria,Actinobacteria
OTU-856,OTU-135,Proteobacteria,Actinobacteria
OTU-866,OTU-671,Proteobacteria,Acidobacteria
OTU-874,OTU-315,Proteobacteria,Acidobacteria
OTU-874,OTU-61,Acidobacteria,Acidobacteria
OTU-874,OTU-51,Proteobacteria,Acidobacteria
OTU-874,OTU-642,Proteobacteria,Acidobacteria
OTU-874,OTU-140,Proteobacteria,Acidobacteria
OTU-874,OTU-119,Acidobacteria,Acidobacteria
OTU-874,OTU-9032,Proteobacteria,Acidobacteria
OTU-88,OTU-29,Bacteroidetes,Acidobacteria
OTU-88,OTU-296,Proteobacteria,Acidobacteria
OTU-88,OTU-49,Bacteroidetes,Acidobacteria
OTU-88,OTU-12652,Proteobacteria,Acidobacteria
OTU-88,OTU-8049,Proteobacteria,Acidobacteria
OTU-8893,OTU-347,Acidobacteria,Actinobacteria
OTU-890,OTU-784,Bacteroidetes,Acidobacteria
OTU-890,OTU-12652,Proteobacteria,Acidobacteria
OTU-8909,OTU-438,Proteobacteria,Actinobacteria
OTU-902,OTU-752,Acidobacteria,Gemmatimonadetes
OTU-902,OTU-1403,Proteobacteria,Gemmatimonadetes
OTU-9032,OTU-5512,Acidobacteria,Proteobacteria
OTU-9196,OTU-121,Proteobacteria,Proteobacteria
OTU-9287,OTU-242,Proteobacteria,Proteobacteria
OTU-9287,OTU-45,Gemmatimonadetes,Proteobacteria
OTU-9321,OTU-4999,Proteobacteria,Acidobacteria
OTU-935,OTU-475,Proteobacteria,Actinobacteria
OTU-9354,OTU-490,Acidobacteria,Proteobacteria
OTU-9366,OTU-88,Acidobacteria,Proteobacteria
OTU-9366,OTU-183,Proteobacteria,Proteobacteria
OTU-9366,OTU-374,Proteobacteria,Proteobacteria
OTU-9366,OTU-420,Gemmatimonadetes,Proteobacteria
OTU-9366,OTU-1058,Proteobacteria,Proteobacteria
OTU-937,OTU-12011,Actinobacteria,Bacteroidetes
OTU-938,OTU-374,Proteobacteria,Proteobacteria
OTU-94,OTU-1611,Acidobacteria,Firmicutes
OTU-94,OTU-10911,Acidobacteria,Firmicutes
OTU-94,OTU-1282,Proteobacteria,Firmicutes
OTU-94,OTU-283,Proteobacteria,Firmicutes
OTU-94,OTU-387,Acidobacteria,Firmicutes
OTU-95,OTU-573,Acidobacteria,Acidobacteria
OTU-96,OTU-342,Proteobacteria,Proteobacteria
OTU-96,OTU-585,Gemmatimonadetes,Proteobacteria
OTU-97,OTU-2952,Proteobacteria,Proteobacteria
OTU-972,OTU-389,Gemmatimonadetes,Acidobacteria
OTU-9762,OTU-386,Acidobacteria,Acidobacteria
OTU-9762,OTU-95,Acidobacteria,Acidobacteria
OTU-9891,OTU-371,Gemmatimonadetes,Acidobacteria
OTU-9891,OTU-178,Proteobacteria,Acidobacteria
