#queryIndex	queryItem	stringId	preferredName	annotation
1	Hnrnpdl	10090.ENSMUSP00000121005	Hnrnpdl	Heterogeneous nuclear ribonucleoprotein D-like; Acts as a transcriptional regulator. Promotes transcription repression (By similarity). Promotes transcription activation in differentiated myotubes. Binds to double- and single-stranded DNA sequences (By similarity). Binds to the transcription suppressor CATR sequence of the COX5B promoter. Binds with high affinity to RNA molecules that contain AU-rich elements (AREs) found within the 3'-UTR of many proto-oncogenes and cytokine mRNAs (By similarity). Binds both to nuclear and cytoplasmic poly(A) mRNAs (By similarity). Binds to poly(G) an [...] 
2	Tpd52l1	10090.ENSMUSP00000000305	Tpd52l1	Tumor protein D52-like 1
3	Crot	10090.ENSMUSP00000003720	Crot	Peroxisomal carnitine O-octanoyltransferase; Beta-oxidation of fatty acids. The highest activity concerns the C6 to C10 chain length substrate; Belongs to the carnitine/choline acetyltransferase family
4	Gm12258	10090.ENSMUSP00000117644	Gm12258	Predicted gene 12258
5	St8sia1	10090.ENSMUSP00000032421	St8sia1	Alpha-N-acetylneuraminide alpha-2,8-sialyltransferase; Involved in the production of gangliosides GD3 and GT3 from GM3; gangliosides are a subfamily of complex glycosphinglolipds that contain one or more residues of sialic acid
6	Pnma3	10090.ENSMUSP00000054177	Pnma3	Paraneoplastic antigen MA3; Belongs to the PNMA family
7	Mmp14	10090.ENSMUSP00000087119	Mmp14	Matrix metalloproteinase-14; Endopeptidase that degrades various components of the extracellular matrix such as collagen. Activates progelatinase A. Essential for pericellular collagenolysis and modeling of skeletal and extraskeletal connective tissues during development. May be involved in actin cytoskeleton reorganization by cleaving PTK7 (By similarity). Acts as a positive regulator of cell growth and migration via activation of MMP15. Involved in the formation of the fibrovascular tissues (By similarity). Cleaves ADGRB1 to release vasculostatin-40 which inhibits angiogenesis (By si [...] 
8	Nova2	10090.ENSMUSP00000134257	Nova2	Neuro-oncological ventral antigen 2
9	Myef2	10090.ENSMUSP00000123088	Myef2	Myelin expression factor 2; Transcriptional repressor of the myelin basic protein gene (MBP). Binds to the proximal MB1 element 5'-TTGTCC-3' of the MBP promoter. Its binding to MB1 and function are inhibited by PURA
10	Galnt11	10090.ENSMUSP00000036240	Galnt11	Polypeptide N-acetylgalactosaminyltransferase 11; Polypeptide N-acetylgalactosaminyltransferase that catalyzes the initiation of protein O-linked glycosylation and is involved in left/right asymmetry by mediating O-glycosylation of NOTCH1. O-glycosylation of NOTCH1 promotes activation of NOTCH1, modulating the balance between motile and immotile (sensory) cilia at the left-right organiser (LRO). Polypeptide N- acetylgalactosaminyltransferases catalyze the transfer of an N- acetyl-D-galactosamine residue to a serine or threonine residue on the protein receptor. Displays the same enzyme  [...] 
11	Rcan1	10090.ENSMUSP00000060394	Rcan1	Calcipressin-1; Inhibits calcineurin-dependent transcriptional responses by binding to the catalytic domain of calcineurin A. Could play a role during central nervous system development
12	Rasal2	10090.ENSMUSP00000077423	Rasal2	RAS protein activator like 2
13	Mau2	10090.ENSMUSP00000131966	Mau2	MAU2 chromatid cohesion factor homolog; Required for association of the cohesin complex with chromatin during interphase. Plays a role in sister chromatid cohesion and normal progression through prometaphase (By similarity); Belongs to the SCC4/mau-2 family
14	Tns3	10090.ENSMUSP00000020695	Tns3	Tensin-3; May play a role in actin remodeling. Involved in the dissociation of the integrin-tensin-actin complex. EGF activates TNS4 and down-regulates TNS3 which results in capping the tail of ITGB1. Seems to be involved in mammary cell migration (By similarity). May be involved in cell migration and bone development
15	Nectin3	10090.ENSMUSP00000023334	Pvrl3	Nectin-3; Plays a role in cell-cell adhesion through heterophilic trans-interactions with nectins-like or other nectins, such as trans-interaction with NECTIN2 at Sertoli-spermatid junctions. Trans-interaction with PVR induces activation of CDC42 and RAC small G proteins through common signaling molecules such as SRC and RAP1. Also involved in the formation of cell-cell junctions, including adherens junctions and synapses. Induces endocytosis- mediated down-regulation of PVR from the cell surface, resulting in reduction of cell movement and proliferation. Plays a role in the morphology [...] 
16	Pxn	10090.ENSMUSP00000083709	Pxn	Paxillin; Cytoskeletal protein involved in actin-membrane attachment at sites of cell adhesion to the extracellular matrix (focal adhesion); Belongs to the paxillin family
17	Rims4	10090.ENSMUSP00000045637	Rims4	Regulating synaptic membrane exocytosis protein 4; Regulates synaptic membrane exocytosis
18	Gm11110	10090.ENSMUSP00000108537	Gm11110	Predicted gene 11110
19	Bivm	10090.ENSMUSP00000110357	Bivm	Basic, immunoglobulin-like variable motif containing
20	Dyrk2	10090.ENSMUSP00000004281	Dyrk2	Dual specificity tyrosine-phosphorylation-regulated kinase 2; Serine/threonine-protein kinase involved in the regulation of the mitotic cell cycle, cell proliferation, apoptosis, organization of the cytoskeleton and neurite outgrowth. Functions in part via its role in ubiquitin-dependent proteasomal protein degradation. Functions downstream of ATM and phosphorylates p53/TP53 at 'Ser-46', and thereby contributes to the induction of apoptosis in response to DNA damage. Phosphorylates NFATC1, and thereby inhibits its accumulation in the nucleus and its transcription factor activity. Phosp [...] 
21	Triobp	10090.ENSMUSP00000105312	Triobp	TRIO and F-actin-binding protein; May regulate actin cytoskeletal organization, cell spreading and cell contraction by directly binding and stabilizing filamentous F-actin. The localized formation of TARA and TRIO complexes coordinates the amount of F-actin present in stress fibers. May also serve as a linker protein to recruit proteins required for F-actin formation and turnover
23	Anapc1	10090.ENSMUSP00000014499	Anapc1	Anaphase-promoting complex subunit 1; Component of the anaphase promoting complex/cyclosome (APC/C), a cell cycle-regulated E3 ubiquitin ligase that controls progression through mitosis and the G1 phase of the cell cycle. The APC/C complex acts by mediating ubiquitination and subsequent degradation of target proteins: it mainly mediates the formation of 'Lys-11'-linked polyubiquitin chains and, to a lower extent, the formation of 'Lys-48'- and 'Lys-63'-linked polyubiquitin chains (By similarity); Belongs to the APC1 family
24	Vamp4	10090.ENSMUSP00000051544	Vamp4	Vesicle-associated membrane protein 4; Involved in the pathway that functions to remove an inhibitor (probably synaptotagmin-4) of calcium-triggered exocytosis during the maturation of secretory granules. May be a marker for this sorting pathway that is critical for remodeling the secretory response of granule (By similarity)
25	Pdk2	10090.ENSMUSP00000041447	Pdk2	[Pyruvate dehydrogenase (acetyl-transferring)] kinase isozyme 2, mitochondrial; Kinase that plays a key role in the regulation of glucose and fatty acid metabolism and homeostasis via phosphorylation of the pyruvate dehydrogenase subunits PDHA1 and PDHA2. This inhibits pyruvate dehydrogenase activity, and thereby regulates metabolite flux through the tricarboxylic acid cycle, down-regulates aerobic respiration and inhibits the formation of acetyl-coenzyme A from pyruvate. Inhibition of pyruvate dehydrogenase decreases glucose utilization and increases fat metabolism. Mediates cellular  [...] 
26	Pacsin2	10090.ENSMUSP00000130098	Pacsin2	Protein kinase C and casein kinase substrate in neurons protein 2; Lipid-binding protein that is able to promote the tubulation of the phosphatidic acid-containing membranes it preferentially binds. Plays a role in intracellular vesicle- mediated transport. Involved in the endocytosis of cell-surface receptors like the EGF receptor, contributing to its internalization in the absence of EGF stimulus. May also play a role in the formation of caveolae at the cell membrane. Recruits DNM2 to caveolae, and thereby plays a role in caveola-mediated endocytosis; Belongs to the PACSIN family
27	Tnpo3	10090.ENSMUSP00000012679	Tnpo3	Transportin-3; Seems to function in nuclear protein import as nuclear transport receptor. In vitro, mediates the nuclear import of splicing factor SR proteins RBM4, SFRS1 and SFRS2, by recognizing phosphorylated RS domains (By similarity)
28	Tuba1c	10090.ENSMUSP00000051033	Tuba1c	Tubulin alpha-1C chain; Tubulin is the major constituent of microtubules. It binds two moles of GTP, one at an exchangeable site on the beta chain and one at a non-exchangeable site on the alpha chain; Belongs to the tubulin family
29	Degs1	10090.ENSMUSP00000048519	Degs1	Sphingolipid delta(4)-desaturase DES1; Has sphingolipid-delta-4-desaturase activity. Converts D-erythro-sphinganine to D-erythro-sphingosine (E-sphing-4-enine)
30	Aldoa	10090.ENSMUSP00000084846	Aldoa	Fructose-bisphosphate aldolase A; Plays a key role in glycolysis and gluconeogenesis. In addition, may also function as scaffolding protein (By similarity); Belongs to the class I fructose-bisphosphate aldolase family
31	Zfp251	10090.ENSMUSP00000079268	Zfp251	Zinc finger protein 251
32	Snrpd1	10090.ENSMUSP00000002551	Snrpd1	Small nuclear ribonucleoprotein Sm D1; Core component of the spliceosomal U1, U2, U4 and U5 small nuclear ribonucleoproteins (snRNPs), the building blocks of the spliceosome. Thereby, plays an important role in the splicing of cellular pre-mRNAs. Most spliceosomal snRNPs contain a common set of Sm proteins SNRPB, SNRPD1, SNRPD2, SNRPD3, SNRPE, SNRPF and SNRPG that assemble in a heptameric protein ring on the Sm site of the small nuclear RNA to form the core snRNP. May act as a charged protein scaffold to promote snRNP assembly or strengthen snRNP- snRNP interactions through nonspecific [...] 
33	Zfp651	10090.ENSMUSP00000091286	Zfp651	Zinc finger protein 651
34	Sun2	10090.ENSMUSP00000086724	Sun2	SUN domain-containing protein 2; As a component of the LINC (LInker of Nucleoskeleton and Cytoskeleton) complex, involved in the connection between the nuclear lamina and the cytoskeleton. The nucleocytoplasmic interactions established by the LINC complex play an important role in the transmission of mechanical forces across the nuclear envelope and in nuclear movement and positioning. Specifically, SYNE2 and SUN2 assemble in arrays of transmembrane actin- associated nuclear (TAN) lines which are bound to F-actin cables and couple the nucleus to retrograde actin flow during actin- depe [...] 
35	Wtap	10090.ENSMUSP00000007007	Wtap	Pre-mRNA-splicing regulator WTAP; Regulatory subunit of the WMM N6-methyltransferase complex, a multiprotein complex that mediates N6-methyladenosine (m6A) methylation of some adenosine residues of some mRNAs and plays a role in the efficiency of mRNA splicing, processing and mRNA stability. Required for accumulation of METTL3 and METTL14 to nuclear speckle. Acts as a mRNA splicing regulator. Regulates G2/M cell-cycle transition by binding to the 3' UTR of CCNA2, which enhances its stability. Impairs WT1 DNA-binding ability and inhibits expression of WT1 target genes
36	Ndrg4	10090.ENSMUSP00000079495	Ndrg4	Protein NDRG4; Contributes to the maintenance of intracerebral BDNF levels within the normal range, which is necessary for the preservation of spatial learning and the resistance to neuronal cell death caused by ischemic stress. May enhance growth factor- induced ERK1 and ERK2 phosphorylation. May attenuate NGF-promoted ELK1 phosphorylation in a microtubule-dependent manner
37	Tbk1	10090.ENSMUSP00000020316	Tbk1	Serine/threonine-protein kinase TBK1; Serine/threonine kinase that plays an essential role in regulating inflammatory responses to foreign agents. Following activation of toll-like receptors by viral or bacterial components, associates with TRAF3 and TANK and phosphorylates interferon regulatory factors (IRFs) IRF3 and IRF7 as well as DDX3X (By similarity). This activity allows subsequent homodimerization and nuclear translocation of the IRFs leading to transcriptional activation of pro-inflammatory and antiviral genes including IFNA and IFNB. In order to establish such an antiviral st [...] 
38	Supt7l	10090.ENSMUSP00000067337	Supt7l	STAGA complex 65 subunit gamma; Suppressor of Ty 7-like
39	Sorl1	10090.ENSMUSP00000058613	Sorl1	Sortilin-related receptor; Likely to be a multifunctional endocytic receptor, that may be implicated in the uptake of lipoproteins and of proteases. Binds LDL, the major cholesterol-carrying lipoprotein of plasma, and transports it into cells by endocytosis. Binds the receptor- associated protein (RAP). Could play a role in cell-cell interaction. May play a role in neural organization, as well as the establishment of embryonic organ systems. Involved in APP trafficking to and from the Golgi apparatus (By similarity). It probably acts as a sorting receptor that protects APP from traffic [...] 
40	Luc7l3	10090.ENSMUSP00000021226	Luc7l3	Luc7-like protein 3; Binds cAMP regulatory element DNA sequence. May play a role in RNA splicing (By similarity); Belongs to the Luc7 family
41	Fbxo30	10090.ENSMUSP00000117687	Fbxo30	F-box only protein 30; Substrate-recognition component of the SCF (SKP1-CUL1-F- box protein)-type E3 ubiquitin ligase complex. Required for muscle atrophy following denervation
42	Tab3	10090.ENSMUSP00000039668	Tab3	TGF-beta-activated kinase 1 and MAP3K7-binding protein 3; Adapter linking MAP3K7/TAK1 and TRAF6 or TRAF2. Mediator of MAP3K7 activation, respectively in the IL-1 and TNF signaling pathways. Plays a role in activation of NF-kappa-B and AP1 transcription factor (By similarity)
43	Map4	10090.ENSMUSP00000035055	Map4	Microtubule-associated protein 4; Non-neuronal microtubule-associated protein. Promotes microtubule assembly
44	Supt16	10090.ENSMUSP00000042283	Supt16	FACT complex subunit SPT16; Component of the FACT complex, a general chromatin factor that acts to reorganize nucleosomes. The FACT complex is involved in multiple processes that require DNA as a template such as mRNA elongation, DNA replication and DNA repair. During transcription elongation the FACT complex acts as a histone chaperone that both destabilizes and restores nucleosomal structure. It facilitates the passage of RNA polymerase II and transcription by promoting the dissociation of one histone H2A-H2B dimer from the nucleosome, then subsequently promotes the reestablishment o [...] 
45	Gng7	10090.ENSMUSP00000097061	Gng7	Guanine nucleotide-binding protein G(I)/G(S)/G(O) subunit gamma-7; Guanine nucleotide-binding proteins (G proteins) are involved as a modulator or transducer in various transmembrane signaling systems. The beta and gamma chains are required for the GTPase activity, for replacement of GDP by GTP, and for G protein- effector interaction. Plays a role in the regulation of adenylyl cyclase signaling in certain regions of the brain. Plays a role in the formation or stabilzation of a G protein heterotrimer (G(olf) subunit alpha-beta-gamma-7) that is required for adenylyl cyclase activity in  [...] 
46	R3hdm2	10090.ENSMUSP00000128659	R3hdm2	R3H domain containing 2
47	Pde6b	10090.ENSMUSP00000031456	Pde6b	Rod cGMP-specific 3',5'-cyclic phosphodiesterase subunit beta; This protein participates in processes of transmission and amplification of the visual signal. Necessary for the formation of a functional phosphodiesterase holoenzyme
48	Pcdh9	10090.ENSMUSP00000070935	Pcdh9	Protocadherin 9
49	Htr1b	10090.ENSMUSP00000139389	Htr1b	5-hydroxytryptamine receptor 1B; G-protein coupled receptor for 5-hydroxytryptamine (serotonin). Also functions as a receptor for various alkaloids and psychoactive substances. Ligand binding causes a conformation change that triggers signaling via guanine nucleotide-binding proteins (G proteins) and modulates the activity of down-stream effectors, such as adenylate cyclase. Signaling inhibits adenylate cyclase activity. Arrestin family members inhibit signaling via G proteins and mediate activation of alternative signaling pathways. Regulates the release of 5-hydroxytryptamine, dopami [...] 
50	Nxt2	10090.ENSMUSP00000048221	Nxt2	NTF2-related export protein 2; Regulator of protein export for NES-containing proteins. Also plays a role in mRNA nuclear export (By similarity)
51	Sin3b	10090.ENSMUSP00000004494	Sin3b	Paired amphipathic helix protein Sin3b; Acts as a transcriptional repressor. Interacts with MXI1 to repress MYC responsive genes and antagonize MYC oncogenic activities. Interacts with MAD-MAX heterodimers by binding to MAD. The heterodimer then represses transcription by tethering SIN3B to DNA. Also forms a complex with FOXK1 which represses transcription. With FOXK1, regulates cell cycle progression probably by repressing cell cycle inhibitor genes expression
52	Rwdd2a	10090.ENSMUSP00000034988	Rwdd2a	RWD domain containing 2A
53	Btbd11	10090.ENSMUSP00000100944	Btbd11	Ankyrin repeat and BTB/POZ domain-containing protein BTBD11; BTB (POZ) domain containing 11
54	Rft1	10090.ENSMUSP00000064153	Rft1	Protein RFT1 homolog; May be involved in N-linked oligosaccharide assembly. May participate in the translocation of oligosaccharide from the cytoplasmic side to the lumenal side of the endoplasmic reticulum membrane (By similarity)
55	Ntmt1	10090.ENSMUSP00000035303	Ntmt1	N-terminal Xaa-Pro-Lys N-methyltransferase 1; Distributive alpha-N-methyltransferase that methylates the N-terminus of target proteins containing the N-terminal motif [Ala/Gly/Pro/Ser]-Pro-Lys when the initiator Met is cleaved. Specifically catalyzes mono-, di- or tri-methylation of the exposed alpha-amino group of the Ala, Gly or Ser residue in the [Ala/Gly/Ser]-Pro-Lys motif and mono- or di-methylation of Pro in the Pro-Pro-Lys motif. Some of the substrates may be primed by METTL11B-mediated monomethylation. Catalyzes the trimethylation of the N-terminal Gly in CENPA (after removal o [...] 
56	Tspoap1	10090.ENSMUSP00000048063	Bzrap1	Benzodiazepine receptor associated protein 1
57	Itsn1	10090.ENSMUSP00000109635	Itsn1	Intersectin-1; Adapter protein that may provide indirect link between the endocytic membrane traffic and the actin assembly machinery. May regulate the formation of clathrin-coated vesicles. Involved in endocytosis of integrin beta-1 (ITGB1) and transferrin receptor (TFR); internalization of ITGB1 as DAB2-dependent cargo but not TFR may involve association with DAB2. Inhibits ARHGAP31 activity toward RAC1. Acts as guanine nucleotide exchange factor (GEF) specific for the CDC42 GTPase
58	Mapre2	10090.ENSMUSP00000025127	Mapre2	Microtubule-associated protein RP/EB family member 2; May be involved in microtubule polymerization, and spindle function by stabilizing microtubules and anchoring them at centrosomes. May play a role in cell migration (By similarity)
59	Pum2	10090.ENSMUSP00000131074	Pum2	Pumilio homolog 2; Sequence-specific RNA-binding protein that acts as a post-transcriptional repressor by binding the 3'-UTR of mRNA targets. Binds to an RNA consensus sequence, the Pumilio Response Element (PRE), 5'-UGUANAUA-3', that is related to the Nanos Response Element (NRE). Mediates post-transcriptional repression of transcripts via different mechanisms: acts via direct recruitment of the CCR4-POP2-NOT deadenylase leading to translational inhibition and mRNA degradation. Also mediates deadenylation-independent repression by promoting accessibility of miRNAs. Acts as a post-tran [...] 
60	Prkcd	10090.ENSMUSP00000107830	Prkcd	Protein kinase C delta type; Calcium-independent, phospholipid- and diacylglycerol (DAG)-dependent serine/threonine-protein kinase that plays contrasting roles in cell death and cell survival by functioning as a pro-apoptotic protein during DNA damage-induced apoptosis, but acting as an anti-apoptotic protein during cytokine receptor- initiated cell death, is involved in tumor suppression, is required for oxygen radical production by NADPH oxidase and acts as positive or negative regulator in platelet functional responses. Negatively regulates B cell proliferation and also has an impor [...] 
61	Pcdhga8	10090.ENSMUSP00000060949	Pcdhga3	Protocadherin gamma subfamily A, 12
62	Dlg1	10090.ENSMUSP00000064280	Dlg1	Disks large homolog 1; Essential multidomain scaffolding protein required for normal development. Recruits channels, receptors and signaling molecules to discrete plasma membrane domains in polarized cells. Regulates the excitability of cardiac myocytes by modulating the functional expression of Kv4 channels (By similarity). Functional regulator of Kv1.5 channel (By similarity). May play a role in adherens junction assembly, signal transduction, cell proliferation, synaptogenesis and lymphocyte activation; Belongs to the MAGUK family
63	Ap1s2	10090.ENSMUSP00000107913	Ap1s2	AP-1 complex subunit sigma-2; Subunit of clathrin-associated adaptor protein complex 1 that plays a role in protein sorting in the late-Golgi/trans-Golgi network (TGN) and/or endosomes. The AP complexes mediate both the recruitment of clathrin to membranes and the recognition of sorting signals within the cytosolic tails of transmembrane cargo molecules (By similarity)
64	Sebox	10090.ENSMUSP00000001130	Sebox	Homeobox protein SEBOX; Probable transcription factor involved in the control of specification of mesoderm and endoderm; Belongs to the paired homeobox family
65	Faxc	10090.ENSMUSP00000029908	Faxc	Failed axon connections homolog; May play a role in axonal development
66	Btbd8	10090.ENSMUSP00000092119	Btbd8	BTB/POZ domain-containing protein 8; BTB (POZ) domain containing 8
67	Tbc1d7	10090.ENSMUSP00000137280	Tbc1d7	TBC1 domain family member 7; Component of the TSC-TBC complex, that contains TBC1D7 in addition to the TSC1-TSC2 complex and consists of the functional complex possessing GTPase-activating protein (GAP) activity toward RHEB in response to alterations in specific cellular growth conditions. The small GTPase RHEB is a direct activator of the protein kinase activity of mTORC1 and the TSC-TBC complex acts as a negative regulator of mTORC1 signaling cascade by acting as a GAP for RHEB. Participates in the proper sensing of growth factors and glucose, but not amino acids, by mTORC1. It is un [...] 
68	Zfp369	10090.ENSMUSP00000119114	Zfp369	Neurotrophin receptor-interacting factor 2; Transcription regulator which may participate in NGFR/p75(NTR)-mediated apoptosis. Probably acts as a transcription repressor: specifically binds to the 3'-end of zinc-finger coding genes and recruiting chromatin-modifying proteins such as SETDB1 and TRIM28/KAP1, leading to transcription repression (By similarity)
69	Tyw5	10090.ENSMUSP00000125427	Tyw5	tRNA wybutosine-synthesizing protein 5; tRNA hydroxylase that acts as a component of the wybutosine biosynthesis pathway. Wybutosine is a hyper modified guanosine with a tricyclic base found at the 3'-position adjacent to the anticodon of eukaryotic phenylalanine tRNA. Catalyzes the hydroxylation of 7-(a-amino-a-carboxypropyl)wyosine (yW-72) into undermodified hydroxywybutosine (OHyW*). OHyW* being further transformed into hydroxywybutosine (OHyW) by LCMT2/TYW4. OHyW is a derivative of wybutosine found in higher eukaryotes (By similarity); Belongs to the TYW5 family
70	Snx14	10090.ENSMUSP00000130116	Snx14	Sorting nexin-14; Plays a role in maintaining normal neuronal excitability and synaptic transmission. May be involved in several stages of intracellular trafficking. Required for autophagosome clearance, possibly by mediating the fusion of lysosomes with autophagosomes. Binds phosphatidylinositol 3,5- bisphosphate (PtdIns(3,5)P2), a key component of late endosomes/lysosomes. Does not bind phosphatidylinositol 3- phosphate (PtdIns(3P)) (By similarity); Belongs to the sorting nexin family
71	Khdrbs1	10090.ENSMUSP00000066516	Khdrbs1	KH domain-containing, RNA-binding, signal transduction-associated protein 1; Recruited and tyrosine phosphorylated by several receptor systems, for example the T-cell, leptin and insulin receptors. Once phosphorylated, functions as an adapter protein in signal transduction cascades by binding to SH2 and SH3 domain- containing proteins. Role in G2-M progression in the cell cycle. Represses CBP-dependent transcriptional activation apparently by competing with other nuclear factors for binding to CBP. Also acts as a putative regulator of mRNA stability and/or translation rates and mediate [...] 
72	Sipa1	10090.ENSMUSP00000073618	Sipa1	Signal-induced proliferation-associated protein 1; GTPase activator for the nuclear Ras-related regulatory proteins Rap1, Rsr1 and Ran in vitro, converting them to the putatively inactive GDP-bound state. Affects cell cycle progression
73	Pphln1	10090.ENSMUSP00000042762	Pphln1	Periphilin-1; Component of the HUSH complex, a multiprotein complex that mediates epigenetic repression. The HUSH complex is recruited to genomic loci rich in H3K9me3 and is probably required to maintain transcriptional silencing by promoting recruitment of SETDB1, a histone methyltransferase that mediates further deposition of H3K9me3. In the HUSH complex, contributes to the maintenance of the complex at chromatin. Acts as a transcriptional corepressor and regulates the cell cycle, probably via the HUSH complex. May be involved in epithelial differentiation by contributing to epiderma [...] 
74	Ect2	10090.ENSMUSP00000103935	Ect2	Protein ECT2; Guanine nucleotide exchange factor (GEF) that catalyzes the exchange of GDP for GTP. Promotes guanine nucleotide exchange on the Rho family members of small GTPases, like RHOA, RHOC, RAC1 and CDC42. Required for signal transduction pathways involved in the regulation of cytokinesis. Component of the centralspindlin complex that serves as a microtubule-dependent and Rho-mediated signaling required for the myosin contractile ring formation during the cell cycle cytokinesis. Regulates the translocation of RHOA from the central spindle to the equatorial region. Plays a role i [...] 
75	Ccnt2	10090.ENSMUSP00000027587	Ccnt2	Cyclin-T2; Regulatory subunit of the cyclin-dependent kinase pair (CDK9/cyclin T) complex, also called positive transcription elongation factor B (P-TEFB), which is proposed to facilitate the transition from abortive to production elongation by phosphorylating the CTD (carboxy-terminal domain) of the large subunit of RNA polymerase II (RNAP II). The activity of this complex is regulated by binding with 7SK snRNA (By similarity). Plays a role during muscle differentiation; P-TEFB complex interacts with MYOD1; this tripartite complex promotes the transcriptional activity of MYOD1 through [...] 
76	Csde1	10090.ENSMUSP00000029446	Csde1	Cold shock domain-containing protein E1; RNA-binding protein. May be involved in translationally coupled mRNA turnover. Implicated with other RNA-binding proteins in the cytoplasmic deadenylation/translational and decay interplay of the FOS mRNA mediated by the major coding-region determinant of instability (mCRD) domain (By similarity)
77	Ranbp1	10090.ENSMUSP00000111309	Ranbp1	Ran-specific GTPase-activating protein; Inhibits GTP exchange on Ran. Forms a Ran-GTP-RANBP1 trimeric complex. Increase GTP hydrolysis induced by the Ran GTPase activating protein RANGAP1. May act in an intracellular signaling pathway which may control the progression through the cell cycle by regulating the transport of protein and nucleic acids across the nuclear membrane
78	Gemin5	10090.ENSMUSP00000036603	Gemin5	Gem-associated protein 5; Required for the assembly of the SMN complex that plays a catalyst role in the assembly of small nuclear ribonucleoproteins (snRNPs), the building blocks of the spliceosome. Thereby, plays an important role in the splicing of cellular pre-mRNAs. Most spliceosomal snRNPs contain a common set of Sm proteins SNRPB, SNRPD1, SNRPD2, SNRPD3, SNRPE, SNRPF and SNRPG that assemble in a heptameric protein ring on the Sm site of the small nuclear RNA to form the core snRNP. In the cytosol, the Sm proteins SNRPD1, SNRPD2, SNRPE, SNRPF and SNRPG are trapped in an inactive  [...] 
79	Pus7	10090.ENSMUSP00000113801	Pus7	Pseudouridylate synthase 7 homolog (S. cerevisiae)
80	Eif2s3y	10090.ENSMUSP00000088736	Eif2s3y	Eukaryotic translation initiation factor 2 subunit 3, Y-linked; As a subunit of eukaryotic initiation factor 2 (eIF2), involved in the early steps of protein synthesis. In the presence of GTP, eIF2 forms a ternary complex with initiator tRNA Met-tRNAi and then recruits the 40S ribosomal complex, a step that determines the rate of protein translation. This step is followed by mRNA binding to form the 43S pre-initiation complex. Junction of the 60S ribosomal subunit to form the 80S initiation complex is preceded by hydrolysis of the GTP bound to eIF2 and release of an eIF2-GDP binary com [...] 
81	Mboat7	10090.ENSMUSP00000037107	Mboat7	Lysophospholipid acyltransferase 7; Acyltransferase which contributes to the regulation of free arachidonic acid (AA) in the cell through the remodeling of phospholipids. Mediates the conversion of lysophosphatidylinositol (1-acylglycerophosphatidylinositol or LPI) into phosphatidylinositol (1,2-diacyl-sn-glycero-3-phosphoinositol or PI) (LPIAT activity). Prefers arachidonoyl-CoA as the acyl donor. Lysophospholipid acyltransferases (LPLATs) catalyze the reacylation step of the phospholipid remodeling pathway also known as the Lands cycle (By similarity). Required for cortical laminatio [...] 
82	Rpgrip1	10090.ENSMUSP00000107230	Rpgrip1	X-linked retinitis pigmentosa GTPase regulator-interacting protein 1; May function as scaffolding protein. Required for normal location of RPGR at the connecting cilium of photoreceptor cells. Required for normal disk morphogenesis and disk organization in the outer segment of photoreceptor cells and for survival of photoreceptor cells
83	Nxf1	10090.ENSMUSP00000010241	Nxf1	Nuclear RNA export factor 1; Involved in the nuclear export of mRNA species bearing retroviral constitutive transport elements (CTE) and in the export of mRNA from the nucleus to the cytoplasm (TAP/NFX1 pathway). The NXF1-NXT1 heterodimer is involved in the export of HSP70 mRNA in conjunction with ALYREF/THOC4 and THOC5 components of the TREX complex. ALYREF/THOC4-bound mRNA is thought to be transferred to the NXF1-NXT1 heterodimer for export
84	Lnx1	10090.ENSMUSP00000113035	Lnx1	E3 ubiquitin-protein ligase LNX; E3 ubiquitin-protein ligase that mediates ubiquitination and subsequent proteasomal degradation of NUMB. E3 ubiquitin ligases accept ubiquitin from an E2 ubiquitin-conjugating enzyme in the form of a thioester and then directly transfers the ubiquitin to targeted substrates. Mediates ubiquitination of isoform p66 and isoform p72 of NUMB, but not that of isoform p71 or isoform p65
85	Ddx3y	10090.ENSMUSP00000088729	Ddx3y	ATP-dependent RNA helicase DDX3Y; Probable ATP-dependent RNA helicase. May play a role in spermatogenesis
86	Kdm5d	10090.ENSMUSP00000061095	Kdm5d	Lysine-specific demethylase 5D; Histone demethylase that specifically demethylates 'Lys- 4' of histone H3, thereby playing a central role in histone code. Does not demethylate histone H3 'Lys-9', H3 'Lys-27', H3 'Lys-36', H3 'Lys-79' or H4 'Lys-20'. Demethylates trimethylated and dimethylated but not monomethylated H3 'Lys-4'. May play a role in spermatogenesis. Involved in transcriptional repression of diverse metastasis-associated genes; in this function seems to cooperate with ZMYND8. Suppresses prostate cancer cell invasion. Regulates androgen receptor (AR) transcriptional activity [...] 
87	Ube2j1	10090.ENSMUSP00000118333	Ube2j1	Ubiquitin-conjugating enzyme E2 J1; Catalyzes the covalent attachment of ubiquitin to other proteins. Functions in the selective degradation of misfolded membrane proteins from the endoplasmic reticulum (ERAD); Belongs to the ubiquitin-conjugating enzyme family
88	St6galnac6	10090.ENSMUSP00000080555	St6galnac6	Alpha-N-acetylgalactosaminide alpha-2,6-sialyltransferase 6; Alpha-2,6-sialyltransferase involved in the synthesis of alpha-series gangliosides. Has activity toward GD1a, GT1b and GM1b. Has no activity toward glycoproteins. Responsible for the biosynthesis of DSGG (disialylgalactosylgloboside) from MSGG (monosialylgalactosylgloboside) in kidney
89	Tfe3	10090.ENSMUSP00000076864	Tfe3	Transcription factor E3; Transcription factor that specifically recognizes and binds E-box sequences (5'-CANNTG-3'). Efficient DNA-binding requires dimerization with itself or with another MiT/TFE family member such as TFEB or MITF. In association with TFEB, activates the expression of CD40L in T-cells, thereby playing a role in T- cell-dependent antibody responses in activated CD4(+) T-cells and thymus-dependent humoral immunity. Specifically recognizes the MUE3 box, a subset of E-boxes, present in the immunoglobulin enhancer. It also binds very well to a USF/MLTF site
90	Gtf2ird1	10090.ENSMUSP00000098217	Gtf2ird1	General transcription factor II-I repeat domain-containing protein 1; May be a transcription regulator involved in cell-cycle progression and skeletal muscle differentiation. May repress GTF2I transcriptional functions, by preventing its nuclear residency, or by inhibiting its transcriptional activation. May contribute to slow-twitch fiber type specificity during myogenesis and in regenerating muscles. Binds troponin I slow-muscle fiber enhancer (USE B1). Binds specifically and with high affinity to the EFG sequences derived from the early enhancer of HOXC8; Belongs to the TFII-I family
91	Smarca1	10090.ENSMUSP00000086366	Smarca1	Probable global transcription activator SNF2L1; Energy-transducing component of the NURF (nucleosome- remodeling factor) and CERF (CECR2-containing-remodeling factor) complexes, which facilitate the perturbation of chromatin structure in an ATP-dependent manner
92	Tshz1	10090.ENSMUSP00000089388	Tshz1	Teashirt homolog 1; Probable transcriptional regulator involved in developmental processes. May act as a transcriptional repressor (Potential)
93	Slc5a6	10090.ENSMUSP00000110316	Slc5a6	Sodium-dependent multivitamin transporter; Transports pantothenate, biotin and lipoate in the presence of sodium
94	Atp13a2	10090.ENSMUSP00000039648	Atp13a2	Cation-transporting ATPase 13A2; ATPase that plays a role in intracellular cation homeostasis and the maintenance of neuronal integrity. Required for a proper lysosomal and mitochondrial maintenance; Belongs to the cation transport ATPase (P-type) (TC 3.A.3) family. Type V subfamily
95	Rho	10090.ENSMUSP00000032471	Rho	Rhodopsin; Photoreceptor required for image-forming vision at low light intensity. Required for photoreceptor cell viability after birth. Light-induced isomerization of 11-cis to all-trans retinal triggers a conformational change leading to G-protein activation and release of all-trans retinal; Belongs to the G-protein coupled receptor 1 family. Opsin subfamily
96	Rai2	10090.ENSMUSP00000051618	Rai2	Retinoic acid induced 2
98	Mea1	10090.ENSMUSP00000002845	Mea1	Male-enhanced antigen 1; May play an important role in spermatogenesis and/or testis development
99	Hjurp	10090.ENSMUSP00000054263	Hjurp	Holliday junction recognition protein; Centromeric protein that plays a central role in the incorporation and maintenance of histone H3-like variant CENPA at centromeres. Acts as a specific chaperone for CENPA and is required for the incorporation of newly synthesized CENPA molecules into nucleosomes at replicated centromeres. Prevents CENPA-H4 tetramerization and prevents premature DNA binding by the CENPA-H4 tetramer. Directly binds Holliday junctions
100	Usp9x	10090.ENSMUSP00000086716	Usp9x	Probable ubiquitin carboxyl-terminal hydrolase FAF-X; Deubiquitinase involved both in the processing of ubiquitin precursors and of ubiquitinated proteins. May therefore play an important regulatory role at the level of protein turnover by preventing degradation of proteins through the removal of conjugated ubiquitin. Essential component of TGF-beta/BMP signaling cascade. Regulates chromosome alignment and segregation in mitosis by regulating the localization of BIRC5/survivin to mitotic centromeres. Specifically hydrolyzes both 'Lys-29'- and 'Lys-33'-linked polyubiquitins chains. Spec [...] 
